Customer ID,Recency,Frequency,Monetary,Cluster,Segment
AA-10315,185,5,5563.56,1,Loyal Customers
AA-10375,20,9,1056.39,0,VIP Customers
AA-10480,260,4,1790.5120000000002,1,Loyal Customers
AA-10645,56,6,5086.9349999999995,0,VIP Customers
AB-10015,416,3,886.156,3,At-Risk Customers
AB-10060,55,8,7755.62,2,Occasional Customers
AB-10105,42,10,14473.570999999998,2,Occasional Customers
AB-10150,42,5,966.71,1,Loyal Customers
AB-10165,26,8,1113.838,0,VIP Customers
AB-10255,167,9,914.5319999999999,0,VIP Customers
AB-10600,51,4,1515.862,1,Loyal Customers
AC-10420,233,3,925.8,1,Loyal Customers
AC-10450,12,7,5527.846,0,VIP Customers
AC-10615,7,5,2537.6859999999997,1,Loyal Customers
AC-10660,283,5,657.316,1,Loyal Customers
AD-10180,30,8,6106.88,0,VIP Customers
AF-10870,42,7,2052.908,0,VIP Customers
AF-10885,416,4,861.565,3,At-Risk Customers
AG-10270,279,5,2582.898,1,Loyal Customers
AG-10300,119,4,367.548,1,Loyal Customers
AG-10330,9,5,660.972,1,Loyal Customers
AG-10390,115,5,200.945,1,Loyal Customers
AG-10495,79,8,2356.855,0,VIP Customers
AG-10525,846,4,1455.038,3,At-Risk Customers
AG-10675,98,7,3489.0396000000005,0,VIP Customers
AG-10765,78,4,170.584,1,Loyal Customers
AG-10900,97,10,4510.797,0,VIP Customers
AH-10030,13,7,1744.7,0,VIP Customers
AH-10075,35,10,3250.337,0,VIP Customers
AH-10120,61,7,1735.5140000000001,0,VIP Customers
AH-10195,56,4,1587.452,1,Loyal Customers
AH-10210,7,9,4805.344,0,VIP Customers
AH-10465,231,5,2495.3916,1,Loyal Customers
AH-10585,22,4,738.504,1,Loyal Customers
AH-10690,411,12,7888.294,2,Occasional Customers
AI-10855,14,10,4375.786,0,VIP Customers
AJ-10780,76,7,4867.344,0,VIP Customers
AJ-10795,167,7,4501.391,0,VIP Customers
AJ-10945,86,7,1839.24,0,VIP Customers
AJ-10960,75,3,629.2479999999999,1,Loyal Customers
AM-10360,29,5,814.012,1,Loyal Customers
AM-10705,163,8,5664.022,0,VIP Customers
AO-10810,502,1,161.28,3,At-Risk Customers
AP-10720,42,8,1638.554,0,VIP Customers
AP-10915,99,10,3323.556,0,VIP Customers
AR-10345,112,4,1055.694,1,Loyal Customers
AR-10405,126,5,2236.128,1,Loyal Customers
AR-10510,15,5,264.86400000000003,1,Loyal Customers
AR-10540,7,6,6608.448,2,Occasional Customers
AR-10570,535,1,88.15,3,At-Risk Customers
AR-10825,59,8,4523.336,0,VIP Customers
AS-10045,89,7,3050.692,0,VIP Customers
AS-10090,29,9,3255.31,0,VIP Customers
AS-10135,42,2,58.82,1,Loyal Customers
AS-10225,23,5,4260.784,1,Loyal Customers
AS-10240,193,7,584.6080000000001,1,Loyal Customers
AS-10285,20,6,3214.236,1,Loyal Customers
AS-10630,93,7,833.398,1,Loyal Customers
AT-10435,22,6,1171.814,1,Loyal Customers
AT-10735,14,10,3831.864,0,VIP Customers
AW-10840,21,4,649.376,1,Loyal Customers
AW-10930,47,7,2852.968,0,VIP Customers
AY-10555,15,4,497.014,1,Loyal Customers
AZ-10750,161,6,1622.0179999999998,1,Loyal Customers
BB-10990,106,5,744.3399999999999,1,Loyal Customers
BB-11545,29,9,6765.728,2,Occasional Customers
BC-11125,203,9,2933.676,0,VIP Customers
BD-11320,34,12,5718.521,0,VIP Customers
BD-11500,36,6,4411.2429999999995,0,VIP Customers
BD-11560,279,2,320.54,1,Loyal Customers
BD-11605,98,7,3288.471,0,VIP Customers
BD-11620,70,6,1538.11,1,Loyal Customers
BD-11635,10,3,582.646,1,Loyal Customers
BD-11725,94,6,1526.5,1,Loyal Customers
BD-11770,328,6,658.466,1,Loyal Customers
BE-11335,120,5,4204.676,1,Loyal Customers
BE-11410,99,5,2261.438,1,Loyal Customers
BE-11455,255,6,1727.652,1,Loyal Customers
BF-10975,92,7,599.798,1,Loyal Customers
BF-11005,40,4,1333.88,1,Loyal Customers
BF-11020,75,8,2888.506,0,VIP Customers
BF-11080,26,3,272.95,1,Loyal Customers
BF-11170,17,11,5907.972,0,VIP Customers
BF-11215,66,4,1585.162,1,Loyal Customers
BF-11275,58,3,791.9899999999999,1,Loyal Customers
BG-11035,29,8,2798.948,0,VIP Customers
BG-11695,37,6,1874.172,1,Loyal Customers
BG-11740,58,6,1006.356,1,Loyal Customers
BH-11710,24,8,6255.351,0,VIP Customers
BK-11260,78,6,659.1379999999999,1,Loyal Customers
BM-11140,308,4,11789.63,2,Occasional Customers
BM-11575,101,6,808.162,1,Loyal Customers
BM-11650,34,11,7294.185,2,Occasional Customers
BM-11785,219,10,1338.842,0,VIP Customers
BN-11470,25,4,265.296,1,Loyal Customers
BN-11515,10,5,1459.344,1,Loyal Customers
BO-11350,138,5,2682.728,1,Loyal Customers
BO-11425,76,2,130.83,1,Loyal Customers
BP-11050,84,5,983.42,1,Loyal Customers
BP-11095,18,12,2442.044,0,VIP Customers
BP-11155,90,6,1697.8609999999999,1,Loyal Customers
BP-11185,2,9,3675.861,0,VIP Customers
BP-11230,40,5,1181.49,1,Loyal Customers
BP-11290,13,7,2475.157,0,VIP Customers
BS-11365,559,5,10501.653,2,Occasional Customers
BS-11380,29,5,3887.834,1,Loyal Customers
BS-11590,36,6,2454.928,1,Loyal Customers
BS-11665,583,3,3288.1099999999997,3,At-Risk Customers
BS-11755,2,7,2562.382,0,VIP Customers
BS-11800,266,2,949.4300000000001,1,Loyal Customers
BT-11305,337,5,2567.656,1,Loyal Customers
BT-11395,303,6,2186.6130000000003,1,Loyal Customers
BT-11440,561,4,603.876,3,At-Risk Customers
BT-11485,660,2,415.19599999999997,3,At-Risk Customers
BT-11530,92,5,2684.4919999999997,1,Loyal Customers
BT-11680,21,7,3196.752,0,VIP Customers
BV-11245,335,5,1523.2730000000001,1,Loyal Customers
BW-11065,213,3,385.516,1,Loyal Customers
BW-11110,122,8,4750.358,0,VIP Customers
BW-11200,204,6,1738.406,1,Loyal Customers
CA-11965,97,6,3789.7228,1,Loyal Customers
CA-12055,402,5,1679.7240000000002,3,At-Risk Customers
CA-12265,57,9,2648.2872,0,VIP Customers
CA-12310,14,4,1421.954,1,Loyal Customers
CA-12775,121,7,3041.566,0,VIP Customers
CB-12025,48,10,6076.139,0,VIP Customers
CB-12415,27,8,1949.2,0,VIP Customers
CB-12535,198,8,4246.4555,0,VIP Customers
CC-12100,458,6,1770.945,3,At-Risk Customers
CC-12145,107,7,2471.65,0,VIP Customers
CC-12220,21,12,3913.418,0,VIP Customers
CC-12370,44,5,12129.072000000002,2,Occasional Customers
CC-12430,1,10,2870.05,0,VIP Customers
CC-12475,40,9,1659.438,0,VIP Customers
CC-12550,28,3,113.832,1,Loyal Customers
CC-12610,35,7,2540.631,0,VIP Customers
CC-12670,30,7,2269.7015,0,VIP Customers
CC-12685,800,4,2854.1150000000002,3,At-Risk Customers
CD-11920,41,5,2033.968,1,Loyal Customers
CD-11980,55,3,639.766,1,Loyal Customers
CD-12280,43,2,1205.584,1,Loyal Customers
CD-12790,400,5,1860.732,3,At-Risk Customers
CG-12040,50,6,904.4680000000001,1,Loyal Customers
CG-12520,339,3,1148.7800000000002,3,At-Risk Customers
CH-12070,692,3,1537.236,3,At-Risk Customers
CJ-11875,366,1,16.52,3,At-Risk Customers
CJ-12010,190,8,11164.974,2,Occasional Customers
CK-12205,40,13,3154.855,0,VIP Customers
CK-12325,121,5,2945.321,1,Loyal Customers
CK-12595,44,11,2372.75,0,VIP Customers
CK-12760,83,9,1582.109,0,VIP Customers
CL-11890,107,4,1262.0140000000001,1,Loyal Customers
CL-12565,285,12,10880.546,2,Occasional Customers
CL-12700,106,5,2353.586,1,Loyal Customers
CM-11815,132,6,1673.888,1,Loyal Customers
CM-11935,709,2,565.392,3,At-Risk Customers
CM-12115,9,4,1661.6100000000001,1,Loyal Customers
CM-12160,27,6,2533.314,1,Loyal Customers
CM-12190,9,6,1475.144,1,Loyal Customers
CM-12235,386,5,2305.712,3,At-Risk Customers
CM-12385,38,4,8954.019999999999,2,Occasional Customers
CM-12445,437,3,287.99,3,At-Risk Customers
CM-12655,28,6,6339.5576,0,VIP Customers
CM-12715,1036,4,3984.4524,3,At-Risk Customers
CP-12085,83,8,5402.254,0,VIP Customers
CP-12340,161,8,5888.275,0,VIP Customers
CR-12580,58,4,2148.852,1,Loyal Customers
CR-12625,471,3,475.9,3,At-Risk Customers
CR-12730,79,4,1600.55,1,Loyal Customers
CR-12820,86,3,1397.8724,1,Loyal Customers
CS-11845,92,5,1278.954,1,Loyal Customers
CS-11860,163,6,537.632,1,Loyal Customers
CS-11950,26,11,3036.547,0,VIP Customers
CS-12130,490,4,884.64,3,At-Risk Customers
CS-12175,233,5,844.4580000000001,1,Loyal Customers
CS-12250,27,12,2754.216,0,VIP Customers
CS-12355,7,11,3202.1620000000003,0,VIP Customers
CS-12400,3,9,3651.8585000000003,0,VIP Customers
CS-12460,28,2,550.644,1,Loyal Customers
CS-12490,425,4,1077.2285,3,At-Risk Customers
CS-12505,59,6,5690.054999999999,0,VIP Customers
CT-11995,97,8,3241.898,0,VIP Customers
CV-12295,255,5,2830.6279999999997,1,Loyal Customers
CV-12805,6,9,2370.3136,0,VIP Customers
CW-11905,23,6,1136.592,1,Loyal Customers
CY-12745,61,8,2900.026,0,VIP Customers
Co-12640,550,5,1300.076,3,At-Risk Customers
DA-13450,353,4,156.76,3,At-Risk Customers
DB-12910,22,8,2171.599,0,VIP Customers
DB-12970,242,5,2839.2272,1,Loyal Customers
DB-13060,17,7,4531.646,0,VIP Customers
DB-13120,49,7,2973.094,0,VIP Customers
DB-13210,10,10,2332.577,0,VIP Customers
DB-13270,54,8,4655.897,0,VIP Customers
DB-13360,265,5,1081.466,1,Loyal Customers
DB-13405,188,4,1711.692,1,Loyal Customers
DB-13555,108,7,3908.8028,0,VIP Customers
DB-13615,34,7,1989.05,0,VIP Customers
DB-13660,13,7,1155.202,1,Loyal Customers
DC-12850,38,9,3336.168,0,VIP Customers
DC-13285,24,5,1174.618,1,Loyal Customers
DD-13570,42,6,269.542,1,Loyal Customers
DE-13255,720,5,2550.874,3,At-Risk Customers
DF-13135,701,3,2390.534,3,At-Risk Customers
DG-13300,33,5,3195.818,1,Loyal Customers
DH-13075,278,6,4932.872,0,VIP Customers
DH-13675,777,4,1043.096,3,At-Risk Customers
DJ-13420,638,4,2012.52,3,At-Risk Customers
DJ-13510,49,8,2501.6879999999996,0,VIP Customers
DJ-13630,13,3,3356.398,1,Loyal Customers
DK-12835,22,12,3256.48,0,VIP Customers
DK-12895,46,5,4282.176,1,Loyal Customers
DK-12985,8,5,1687.04,1,Loyal Customers
DK-13090,43,7,2650.557,0,VIP Customers
DK-13150,11,2,797.832,1,Loyal Customers
DK-13225,11,9,4802.394,0,VIP Customers
DK-13375,20,8,3318.486,0,VIP Customers
DL-12865,101,8,1503.112,0,VIP Customers
DL-12925,58,6,3272.2,1,Loyal Customers
DL-13315,23,8,1458.258,0,VIP Customers
DL-13330,58,4,585.02,1,Loyal Customers
DL-13495,77,8,3539.322,0,VIP Customers
DM-12955,115,7,1322.034,1,Loyal Customers
DM-13015,58,7,6345.103,0,VIP Customers
DM-13345,23,8,4074.4719999999998,0,VIP Customers
DM-13525,482,3,1376.792,3,At-Risk Customers
DN-13690,218,7,2139.79,0,VIP Customers
DO-13435,134,9,1300.0315,0,VIP Customers
DO-13645,27,7,1267.316,1,Loyal Customers
DP-13000,127,9,1050.636,0,VIP Customers
DP-13105,7,8,2215.002,0,VIP Customers
DP-13165,813,2,1058.616,3,At-Risk Customers
DP-13390,359,9,5480.723999999999,0,VIP Customers
DR-12880,4,9,6528.034000000001,0,VIP Customers
DR-12940,51,8,8350.868,2,Occasional Customers
DS-13030,94,4,1762.213,1,Loyal Customers
DS-13180,24,9,2881.8128,0,VIP Customers
DV-13045,20,5,1119.483,1,Loyal Customers
DV-13465,30,6,3341.587,1,Loyal Customers
DW-13195,70,6,1080.751,1,Loyal Customers
DW-13480,218,5,5271.628,1,Loyal Customers
DW-13540,99,5,344.08,1,Loyal Customers
DW-13585,243,7,1204.854,1,Loyal Customers
Dl-13600,120,5,755.602,1,Loyal Customers
Dp-13240,85,11,7198.7609999999995,2,Occasional Customers
EA-14035,153,13,2846.705,0,VIP Customers
EB-13705,49,9,3644.978,0,VIP Customers
EB-13750,36,10,3236.314,0,VIP Customers
EB-13840,91,5,4358.128,1,Loyal Customers
EB-13870,101,10,2767.219,0,VIP Customers
EB-13930,162,5,944.6000000000001,1,Loyal Customers
EB-13975,1,4,1643.255,1,Loyal Customers
EB-14110,114,6,3071.126,1,Loyal Customers
EB-14170,83,6,1186.326,1,Loyal Customers
EC-14050,54,5,461.914,1,Loyal Customers
ED-13885,136,8,3484.92,0,VIP Customers
EG-13900,23,5,1832.02,1,Loyal Customers
EH-13765,136,12,10310.880000000001,2,Occasional Customers
EH-13945,218,8,684.1709999999999,0,VIP Customers
EH-13990,406,6,825.9499999999999,3,At-Risk Customers
EH-14005,3,7,1219.53,1,Loyal Customers
EH-14125,153,10,3082.653,0,VIP Customers
EH-14185,106,6,923.884,1,Loyal Customers
EJ-13720,303,4,2162.174,1,Loyal Customers
EJ-14155,58,5,2656.691,1,Loyal Customers
EK-13795,45,4,1303.478,1,Loyal Customers
EL-13735,78,2,124.28,1,Loyal Customers
EM-13810,133,5,2567.0099999999998,1,Loyal Customers
EM-13825,56,8,2339.598,0,VIP Customers
EM-13960,152,5,933.704,1,Loyal Customers
EM-14065,48,4,228.99,1,Loyal Customers
EM-14095,114,4,1041.0420000000001,1,Loyal Customers
EM-14140,49,6,4588.436000000001,0,VIP Customers
EM-14200,159,3,366.822,1,Loyal Customers
EN-13780,288,4,2199.366,1,Loyal Customers
EP-13915,13,17,5478.0608,0,VIP Customers
ER-13855,422,3,1245.788,3,At-Risk Customers
ES-14020,41,5,3510.4579999999996,1,Loyal Customers
ES-14080,29,9,4657.924,0,VIP Customers
FA-14230,98,7,2984.054,0,VIP Customers
FC-14245,71,7,3418.742,0,VIP Customers
FC-14335,185,7,3889.366,0,VIP Customers
FG-14260,35,7,1383.144,0,VIP Customers
FH-14275,38,10,4256.272,0,VIP Customers
FH-14350,213,4,2271.284,1,Loyal Customers
FH-14365,6,8,6987.196,2,Occasional Customers
FM-14215,8,10,2456.638,0,VIP Customers
FM-14290,37,9,3736.198,0,VIP Customers
FM-14380,146,9,2523.266,0,VIP Customers
FO-14305,39,10,2678.438,0,VIP Customers
FP-14320,24,8,4046.746,0,VIP Customers
FW-14395,363,3,79.75,3,At-Risk Customers
GA-14515,150,8,3919.7760000000003,0,VIP Customers
GA-14725,6,11,1398.382,0,VIP Customers
GB-14530,63,11,1568.44,0,VIP Customers
GB-14575,14,5,4716.288,1,Loyal Customers
GD-14590,6,4,1888.07,1,Loyal Customers
GG-14650,44,9,2224.0,0,VIP Customers
GH-14410,76,9,2819.4669999999996,0,VIP Customers
GH-14425,51,4,4172.8460000000005,1,Loyal Customers
GH-14485,388,2,1361.2440000000001,3,At-Risk Customers
GH-14665,3,2,146.94080000000002,1,Loyal Customers
GK-14620,113,9,6497.27,2,Occasional Customers
GM-14440,84,7,3582.8199999999997,0,VIP Customers
GM-14455,17,6,3078.624,1,Loyal Customers
GM-14500,107,10,1255.682,0,VIP Customers
GM-14680,153,6,3163.628,1,Loyal Customers
GM-14695,118,3,6049.966,1,Loyal Customers
GP-14740,766,2,236.53,3,At-Risk Customers
GR-14560,1137,2,1284.38,3,At-Risk Customers
GT-14635,57,3,9351.212,2,Occasional Customers
GT-14710,37,11,11820.119999999999,2,Occasional Customers
GT-14755,35,4,226.436,1,Loyal Customers
GW-14605,29,7,2189.019,0,VIP Customers
GZ-14470,8,9,4355.150000000001,0,VIP Customers
GZ-14545,158,4,2454.6220000000003,1,Loyal Customers
HA-14905,70,7,2163.3,0,VIP Customers
HA-14920,21,8,2584.158,0,VIP Customers
HD-14785,770,3,251.36,3,At-Risk Customers
HE-14800,13,4,883.5319999999999,1,Loyal Customers
HF-14995,22,7,2533.1639999999998,0,VIP Customers
HG-14845,55,5,785.628,1,Loyal Customers
HG-14965,24,12,3247.642,0,VIP Customers
HG-15025,7,7,3690.284,0,VIP Customers
HH-15010,73,2,218.668,1,Loyal Customers
HJ-14875,127,5,358.1,1,Loyal Customers
HK-14890,152,8,4877.784,0,VIP Customers
HL-15040,44,6,12873.297999999999,2,Occasional Customers
HM-14860,3,10,8236.7648,2,Occasional Customers
HM-14980,248,4,736.276,1,Loyal Customers
HP-14815,31,7,1990.314,0,VIP Customers
HR-14770,14,5,1299.288,1,Loyal Customers
HR-14830,160,7,5248.787,0,VIP Customers
HW-14935,118,8,9300.254,2,Occasional Customers
HZ-14950,36,5,886.52,1,Loyal Customers
IG-15085,72,4,744.574,1,Loyal Customers
IL-15100,143,7,5040.736,0,VIP Customers
IM-15055,410,3,2872.63,3,At-Risk Customers
IM-15070,391,7,4930.474,0,VIP Customers
JA-15970,93,8,6491.026,2,Occasional Customers
JB-15400,8,10,1791.605,0,VIP Customers
JB-15925,738,3,900.552,3,At-Risk Customers
JB-16000,44,7,644.1188,1,Loyal Customers
JB-16045,8,5,2518.115,1,Loyal Customers
JC-15340,115,4,71.263,1,Loyal Customers
JC-15385,176,1,1058.108,1,Loyal Customers
JC-15775,159,9,2772.055,0,VIP Customers
JC-16105,58,5,858.576,1,Loyal Customers
JD-15790,118,5,2152.352,1,Loyal Customers
JD-15895,395,11,7610.8640000000005,2,Occasional Customers
JD-16015,113,6,385.43,1,Loyal Customers
JD-16060,301,3,695.442,1,Loyal Customers
JD-16150,42,8,8828.0305,2,Occasional Customers
JE-15475,194,6,1388.682,1,Loyal Customers
JE-15610,49,7,7754.976,2,Occasional Customers
JE-15715,47,10,8697.842999999999,2,Occasional Customers
JE-15745,52,13,6760.8150000000005,2,Occasional Customers
JE-16165,21,3,2697.248,1,Loyal Customers
JF-15190,66,7,2279.5860000000002,0,VIP Customers
JF-15295,226,5,955.124,1,Loyal Customers
JF-15355,106,6,1911.844,1,Loyal Customers
JF-15415,3,6,2371.448,1,Loyal Customers
JF-15490,122,11,1082.918,0,VIP Customers
JF-15565,55,8,4198.332,0,VIP Customers
JG-15115,759,3,2358.676,3,At-Risk Customers
JG-15160,2,11,6366.392,0,VIP Customers
JG-15310,3,6,2240.58,1,Loyal Customers
JG-15805,224,6,1507.018,1,Loyal Customers
JH-15430,6,4,309.281,1,Loyal Customers
JH-15820,175,6,528.91,1,Loyal Customers
JH-15910,42,7,959.477,1,Loyal Customers
JH-15985,30,6,7954.9980000000005,2,Occasional Customers
JH-16180,405,4,2256.3940000000002,3,At-Risk Customers
JJ-15445,484,5,709.178,3,At-Risk Customers
JJ-15760,754,2,195.0,3,At-Risk Customers
JK-15205,62,5,4427.142,1,Loyal Customers
JK-15325,288,3,383.812,1,Loyal Customers
JK-15370,45,8,2709.632,0,VIP Customers
JK-15625,62,7,3760.028,0,VIP Customers
JK-15640,181,9,4760.434,0,VIP Customers
JK-15730,85,10,4867.2,0,VIP Customers
JK-16090,29,3,3747.668,1,Loyal Customers
JK-16120,118,10,2932.484,0,VIP Customers
JL-15130,9,6,1214.956,1,Loyal Customers
JL-15175,7,5,1571.523,1,Loyal Customers
JL-15235,120,5,2203.7,1,Loyal Customers
JL-15505,50,6,3173.874,1,Loyal Customers
JL-15835,22,11,9799.923,2,Occasional Customers
JL-15850,615,6,2725.256,3,At-Risk Customers
JM-15250,38,6,3159.1220000000003,1,Loyal Customers
JM-15265,38,5,1804.146,1,Loyal Customers
JM-15535,103,7,1733.443,0,VIP Customers
JM-15580,1,5,303.948,1,Loyal Customers
JM-15655,9,5,864.947,1,Loyal Customers
JM-15865,110,7,7625.076000000001,2,Occasional Customers
JM-16195,58,10,2833.9260000000004,0,VIP Customers
JO-15145,58,9,3254.949,0,VIP Customers
JO-15280,93,6,1934.272,1,Loyal Customers
JO-15550,216,5,1090.838,1,Loyal Customers
JP-15460,38,7,1669.135,0,VIP Customers
JP-15520,9,7,3635.594,0,VIP Customers
JP-16135,103,9,1707.71,0,VIP Customers
JR-15670,594,2,1156.658,3,At-Risk Customers
JR-15700,69,1,863.88,1,Loyal Customers
JR-16210,34,5,2201.686,1,Loyal Customers
JS-15595,120,4,1417.654,1,Loyal Customers
JS-15685,43,4,1131.0639999999999,1,Loyal Customers
JS-15880,535,5,3868.02,3,At-Risk Customers
JS-15940,464,5,469.169,3,At-Risk Customers
JS-16030,29,6,2516.494,1,Loyal Customers
JW-15220,43,6,7721.714,2,Occasional Customers
JW-15955,6,7,1244.086,1,Loyal Customers
JW-16075,462,4,1428.731,3,At-Risk Customers
KA-16525,37,7,1519.506,0,VIP Customers
KB-16240,5,7,3152.6150000000002,0,VIP Customers
KB-16315,297,9,1569.464,0,VIP Customers
KB-16405,118,3,908.821,1,Loyal Customers
KB-16585,231,12,2744.742,0,VIP Customers
KB-16600,2,7,983.922,1,Loyal Customers
KC-16255,408,6,2120.954,3,At-Risk Customers
KC-16540,98,4,3908.262,1,Loyal Customers
KC-16675,58,4,1146.05,1,Loyal Customers
KD-16270,485,5,8282.358,2,Occasional Customers
KD-16345,42,6,1888.964,1,Loyal Customers
KD-16495,113,12,8181.256,2,Occasional Customers
KD-16615,290,5,2243.5099999999998,1,Loyal Customers
KE-16420,27,8,1686.7312,0,VIP Customers
KF-16285,98,7,10604.266,2,Occasional Customers
KH-16330,41,8,3312.864,0,VIP Customers
KH-16360,2,6,3100.612,1,Loyal Customers
KH-16510,23,7,5952.859,0,VIP Customers
KH-16630,59,9,3918.9660000000003,0,VIP Customers
KH-16690,3,7,5990.799,0,VIP Customers
KL-16555,17,8,5016.488,0,VIP Customers
KL-16645,48,12,14175.229000000001,2,Occasional Customers
KM-16225,15,6,2260.958,1,Loyal Customers
KM-16375,57,8,5620.186,0,VIP Customers
KM-16660,16,5,453.538,1,Loyal Customers
KM-16720,29,8,4909.472,0,VIP Customers
KN-16390,20,9,2617.272,0,VIP Customers
KN-16450,53,5,2171.962,1,Loyal Customers
KN-16705,99,8,2280.58,0,VIP Customers
KS-16300,296,3,88.472,1,Loyal Customers
KT-16465,392,7,3057.1,3,At-Risk Customers
KT-16480,101,10,4642.088400000001,0,VIP Customers
KW-16435,97,5,4416.5199999999995,1,Loyal Customers
KW-16570,772,4,449.096,3,At-Risk Customers
LA-16780,155,11,8673.222,2,Occasional Customers
LB-16735,49,3,50.188,1,Loyal Customers
LB-16795,153,8,4985.676,0,VIP Customers
LC-16870,28,8,2580.7039999999997,0,VIP Customers
LC-16885,17,12,7663.126,2,Occasional Customers
LC-16930,42,8,4492.946,0,VIP Customers
LC-16960,437,4,3246.626,3,At-Risk Customers
LC-17050,55,5,2095.064,1,Loyal Customers
LC-17140,14,9,2633.582,0,VIP Customers
LD-16855,553,1,5.304,3,At-Risk Customers
LD-17005,415,4,1961.934,3,At-Risk Customers
LE-16810,22,6,1469.45,1,Loyal Customers
LF-17185,23,7,3930.5089999999996,0,VIP Customers
LH-16750,152,3,287.426,1,Loyal Customers
LH-16900,22,9,2295.332,0,VIP Customers
LH-17020,240,4,318.239,1,Loyal Customers
LH-17155,386,9,1739.689,0,VIP Customers
LL-16840,250,6,2741.2039999999997,1,Loyal Customers
LM-17065,392,5,1346.774,3,At-Risk Customers
LO-17170,3,5,644.35,1,Loyal Customers
LP-17080,41,4,756.606,1,Loyal Customers
LP-17095,10,7,3653.399,0,VIP Customers
LR-16915,27,6,5142.892,0,VIP Customers
LR-17035,133,5,1879.306,1,Loyal Customers
LS-16945,179,6,2845.27,1,Loyal Customers
LS-16975,21,9,2988.674,0,VIP Customers
LS-17200,97,6,1010.2560000000001,1,Loyal Customers
LS-17230,778,3,368.88000000000005,3,At-Risk Customers
LS-17245,35,6,1008.1360000000001,1,Loyal Customers
LT-16765,27,3,329.876,1,Loyal Customers
LT-17110,35,8,2936.252,0,VIP Customers
LW-16825,89,5,2238.061,1,Loyal Customers
LW-16990,34,6,3230.308,1,Loyal Customers
LW-17125,206,3,1259.04,1,Loyal Customers
LW-17215,22,7,5420.514,0,VIP Customers
MA-17560,65,11,4299.161,0,VIP Customers
MA-17995,187,6,2453.284,1,Loyal Customers
MB-17305,49,10,1548.702,0,VIP Customers
MB-18085,45,7,1428.231,0,VIP Customers
MC-17275,77,8,2725.982,0,VIP Customers
MC-17425,400,5,4432.138,3,At-Risk Customers
MC-17575,28,8,1303.893,0,VIP Customers
MC-17590,52,6,2426.067,1,Loyal Customers
MC-17605,113,8,2258.192,0,VIP Customers
MC-17635,190,4,795.154,1,Loyal Customers
MC-17845,2,7,3805.714,0,VIP Customers
MC-18100,42,10,2218.98,0,VIP Customers
MC-18130,370,5,1581.9979999999998,3,At-Risk Customers
MD-17350,118,7,3766.382,0,VIP Customers
MD-17860,37,5,1204.91,1,Loyal Customers
ME-17320,43,10,10663.728000000001,2,Occasional Customers
ME-17725,29,8,1908.4532,0,VIP Customers
ME-18010,93,4,1256.944,1,Loyal Customers
MF-17665,422,5,937.039,3,At-Risk Customers
MF-18250,8,5,1758.3,1,Loyal Customers
MG-17650,30,7,3785.276,0,VIP Customers
MG-17680,93,4,2350.188,1,Loyal Customers
MG-17695,556,3,1342.282,3,At-Risk Customers
MG-17875,117,5,1242.8329999999999,1,Loyal Customers
MG-17890,100,9,776.384,0,VIP Customers
MG-18145,85,4,3061.543,1,Loyal Customers
MG-18205,265,1,16.739,1,Loyal Customers
MH-17290,120,6,2394.025,1,Loyal Customers
MH-17440,377,4,400.016,3,At-Risk Customers
MH-17455,86,8,2456.1820000000002,0,VIP Customers
MH-17620,156,4,1252.8,1,Loyal Customers
MH-17785,99,7,2203.7780000000002,0,VIP Customers
MH-18025,50,5,2984.948,1,Loyal Customers
MH-18115,6,9,5503.093,0,VIP Customers
MJ-17740,23,7,6320.746,0,VIP Customers
MK-17905,29,8,2302.368,0,VIP Customers
MK-18160,241,4,1031.602,1,Loyal Customers
ML-17395,70,9,2722.843,0,VIP Customers
ML-17410,55,6,2921.5,1,Loyal Customers
ML-17755,30,7,2071.9139999999998,0,VIP Customers
ML-18040,80,3,742.082,1,Loyal Customers
ML-18265,101,2,162.232,1,Loyal Customers
MM-17260,169,4,1314.023,1,Loyal Customers
MM-17920,8,11,3794.0800000000004,0,VIP Customers
MM-18055,62,8,2749.881,0,VIP Customers
MM-18280,86,9,775.414,0,VIP Customers
MN-17935,35,6,2477.946,1,Loyal Customers
MO-17500,73,4,922.487,1,Loyal Customers
MO-17800,105,8,1687.0269999999998,0,VIP Customers
MO-17950,181,2,154.288,1,Loyal Customers
MP-17470,720,7,3206.132,3,At-Risk Customers
MP-17965,73,9,3983.6420000000003,0,VIP Customers
MP-18175,17,9,5087.92,0,VIP Customers
MR-17545,126,4,639.178,1,Loyal Customers
MS-17365,274,10,7443.6900000000005,2,Occasional Customers
MS-17530,435,4,475.65599999999995,3,At-Risk Customers
MS-17710,414,6,1613.402,3,At-Risk Customers
MS-17770,122,9,3144.678,0,VIP Customers
MS-17830,453,4,370.348,3,At-Risk Customers
MS-17980,27,6,855.116,1,Loyal Customers
MT-17815,50,6,2890.139,1,Loyal Customers
MT-18070,204,4,1319.4498,1,Loyal Customers
MV-17485,28,9,1560.05,0,VIP Customers
MV-18190,20,7,1734.574,0,VIP Customers
MW-18220,18,7,5341.900000000001,0,VIP Customers
MW-18235,45,2,5253.876,1,Loyal Customers
MY-17380,30,7,2254.285,0,VIP Customers
MY-18295,72,11,4152.696,0,VIP Customers
MZ-17335,31,4,593.606,1,Loyal Customers
MZ-17515,283,6,2564.906,1,Loyal Customers
NB-18580,1167,2,273.87199999999996,3,At-Risk Customers
NB-18655,20,9,1972.599,0,VIP Customers
NC-18340,225,5,2461.404,1,Loyal Customers
NC-18415,42,6,2218.9900000000002,1,Loyal Customers
NC-18535,7,7,8241.739,2,Occasional Customers
NC-18625,205,5,1821.742,1,Loyal Customers
ND-18370,28,9,4326.139,0,VIP Customers
ND-18460,184,6,2893.455,1,Loyal Customers
NF-18385,80,7,8322.826,2,Occasional Customers
NF-18475,526,4,377.16200000000003,3,At-Risk Customers
NF-18595,115,7,2031.472,0,VIP Customers
NG-18355,49,5,1869.58,1,Loyal Customers
NG-18430,49,5,1395.9379999999999,1,Loyal Customers
NH-18610,190,7,2673.29,0,VIP Customers
NK-18490,71,7,572.048,1,Loyal Customers
NL-18310,59,4,1418.0900000000001,1,Loyal Customers
NM-18445,161,7,6459.344,2,Occasional Customers
NM-18520,245,10,2161.979,0,VIP Customers
NP-18325,26,6,5529.62,0,VIP Customers
NP-18670,59,5,3908.402,1,Loyal Customers
NP-18685,407,6,1228.698,3,At-Risk Customers
NP-18700,139,7,7903.1825,2,Occasional Customers
NR-18550,211,5,2367.277,1,Loyal Customers
NS-18505,7,4,2575.863,1,Loyal Customers
NS-18640,175,13,2964.823,0,VIP Customers
NW-18400,173,7,7234.014,2,Occasional Customers
NZ-18565,86,9,2488.31,0,VIP Customers
ON-18715,411,9,1567.52,0,VIP Customers
OT-18730,66,5,3818.624,1,Loyal Customers
PA-19060,104,6,729.408,1,Loyal Customers
PB-18805,26,3,740.356,1,Loyal Customers
PB-19105,58,4,688.324,1,Loyal Customers
PB-19150,98,8,1456.95,0,VIP Customers
PB-19210,689,2,132.738,3,At-Risk Customers
PC-18745,3,4,1832.064,1,Loyal Customers
PC-19000,883,2,1061.488,3,At-Risk Customers
PF-19120,836,4,9062.864,3,At-Risk Customers
PF-19165,197,6,2770.0,1,Loyal Customers
PF-19225,115,5,2206.1279999999997,1,Loyal Customers
PG-18820,37,13,3086.907,0,VIP Customers
PG-18895,58,9,1987.164,0,VIP Customers
PH-18790,71,1,729.648,1,Loyal Customers
PJ-18835,40,8,1220.09,0,VIP Customers
PJ-19015,135,7,1824.2340000000002,0,VIP Customers
PK-18910,484,2,1441.152,3,At-Risk Customers
PK-19075,10,12,8646.934,2,Occasional Customers
PL-18925,16,5,239.481,1,Loyal Customers
PM-18940,387,3,1405.402,3,At-Risk Customers
PM-19135,52,4,4115.662,1,Loyal Customers
PN-18775,31,8,1467.152,0,VIP Customers
PO-18850,5,11,7473.8282,2,Occasional Customers
PO-18865,1,7,2493.214,0,VIP Customers
PO-19180,161,9,4893.043,0,VIP Customers
PO-19195,87,5,1056.858,1,Loyal Customers
PP-18955,98,10,7252.608,2,Occasional Customers
PR-18880,37,5,1840.178,1,Loyal Customers
PS-18760,108,6,2181.479,1,Loyal Customers
PS-18970,70,8,1278.639,0,VIP Customers
PS-19045,237,7,6843.634,2,Occasional Customers
PT-19090,72,4,160.572,1,Loyal Customers
PV-18985,90,5,2876.046,1,Loyal Customers
PW-19030,47,10,3454.916,0,VIP Customers
PW-19240,465,7,3922.4150000000004,3,At-Risk Customers
QJ-19255,26,9,6108.338,0,VIP Customers
RA-19285,6,9,2617.906,0,VIP Customers
RA-19885,44,7,3832.314,0,VIP Customers
RA-19915,13,9,4793.543,0,VIP Customers
RA-19945,62,5,1686.9225,1,Loyal Customers
RB-19330,69,2,1008.1959999999999,1,Loyal Customers
RB-19360,97,6,15117.339,2,Occasional Customers
RB-19435,20,8,2663.0860000000002,0,VIP Customers
RB-19465,10,12,4715.466,0,VIP Customers
RB-19570,26,5,528.546,1,Loyal Customers
RB-19645,649,5,221.084,3,At-Risk Customers
RB-19705,55,4,2067.45,1,Loyal Customers
RB-19795,33,8,5633.316000000001,0,VIP Customers
RC-19825,370,6,966.409,3,At-Risk Customers
RC-19960,111,6,885.752,1,Loyal Customers
RD-19480,73,8,4272.93,0,VIP Customers
RD-19585,181,10,2912.8940000000002,0,VIP Customers
RD-19660,115,5,2786.632,1,Loyal Customers
RD-19720,22,10,1419.737,0,VIP Customers
RD-19810,15,8,1137.616,0,VIP Customers
RD-19900,115,9,3133.924,0,VIP Customers
RD-19930,43,4,970.9420000000001,1,Loyal Customers
RE-19405,1099,1,48.36,3,At-Risk Customers
RE-19450,303,5,876.696,1,Loyal Customers
RF-19345,391,8,3309.15,0,VIP Customers
RF-19735,90,7,2341.2960000000003,0,VIP Customers
RF-19840,7,8,945.222,0,VIP Customers
RH-19495,33,5,3621.3759999999997,1,Loyal Customers
RH-19510,468,6,6979.18,2,Occasional Customers
RH-19555,520,2,740.382,3,At-Risk Customers
RH-19600,535,3,2085.7400000000002,3,At-Risk Customers
RK-19300,120,3,1460.192,1,Loyal Customers
RL-19615,122,8,6234.91,0,VIP Customers
RM-19375,346,6,1453.474,1,Loyal Customers
RM-19675,7,5,5979.0960000000005,1,Loyal Customers
RM-19750,300,1,98.35,3,At-Risk Customers
RO-19780,36,7,3815.478,0,VIP Customers
RP-19270,497,4,954.6452,3,At-Risk Customers
RP-19390,34,12,5153.084,0,VIP Customers
RP-19855,29,8,2170.716,0,VIP Customers
RR-19315,20,2,615.932,1,Loyal Customers
RR-19525,171,6,3302.2619999999997,1,Loyal Customers
RS-19420,77,5,3221.29,1,Loyal Customers
RS-19765,37,8,4159.7699999999995,0,VIP Customers
RS-19870,20,2,22.328,1,Loyal Customers
RW-19540,121,7,7397.401,2,Occasional Customers
RW-19630,90,9,3279.746,0,VIP Customers
RW-19690,80,5,3495.646,1,Loyal Customers
SA-20830,64,10,4767.3415,0,VIP Customers
SB-20170,202,3,1348.02,1,Loyal Customers
SB-20185,189,6,6410.996,2,Occasional Customers
SB-20290,48,7,8057.891,2,Occasional Customers
SC-20020,782,5,3362.9636,3,At-Risk Customers
SC-20050,41,9,4624.572,0,VIP Customers
SC-20095,350,9,14142.333999999999,2,Occasional Customers
SC-20230,150,4,4371.9580000000005,1,Loyal Customers
SC-20260,188,8,3729.7929999999997,0,VIP Customers
SC-20305,30,7,3979.065,0,VIP Customers
SC-20380,31,9,5992.536,0,VIP Customers
SC-20440,37,7,1874.998,0,VIP Customers
SC-20575,93,5,902.7280000000001,1,Loyal Customers
SC-20680,127,6,1254.64,1,Loyal Customers
SC-20695,90,10,2576.408,0,VIP Customers
SC-20725,188,11,5226.21,0,VIP Customers
SC-20770,42,7,4492.657,0,VIP Customers
SC-20800,31,4,279.25600000000003,1,Loyal Customers
SC-20845,132,2,280.632,1,Loyal Customers
SD-20485,201,9,6121.114,0,VIP Customers
SE-20110,10,11,12209.438000000002,2,Occasional Customers
SF-20065,60,7,763.5459999999999,1,Loyal Customers
SF-20200,60,9,3422.7859999999996,0,VIP Customers
SF-20965,49,9,3336.535,0,VIP Customers
SG-20080,9,3,3406.5809999999997,1,Loyal Customers
SG-20470,184,8,1884.798,0,VIP Customers
SG-20605,109,6,3124.832,1,Loyal Customers
SG-20890,227,3,47.946,1,Loyal Customers
SH-19975,30,13,3406.8395,0,VIP Customers
SH-20395,24,10,2180.718,0,VIP Customers
SH-20635,766,2,2096.392,3,At-Risk Customers
SJ-20125,96,12,3949.656,0,VIP Customers
SJ-20215,30,6,1341.036,1,Loyal Customers
SJ-20500,254,5,1318.776,1,Loyal Customers
SK-19990,9,3,883.409,1,Loyal Customers
SL-20155,71,7,3053.012,0,VIP Customers
SM-20005,422,4,244.49399999999997,3,At-Risk Customers
SM-20320,80,5,25043.05,2,Occasional Customers
SM-20905,607,1,1043.041,3,At-Risk Customers
SM-20950,26,12,5563.392,0,VIP Customers
SN-20560,112,6,1860.418,1,Loyal Customers
SN-20710,80,7,3127.9592,0,VIP Customers
SO-20335,30,6,2602.5755,1,Loyal Customers
SP-20545,328,6,1306.086,1,Loyal Customers
SP-20620,48,9,5440.319,0,VIP Customers
SP-20650,387,9,1872.4360000000001,0,VIP Customers
SP-20860,80,10,4282.94,0,VIP Customers
SP-20920,71,6,3990.689,0,VIP Customers
SR-20425,9,5,3233.481,1,Loyal Customers
SR-20740,197,8,4345.8859999999995,0,VIP Customers
SS-20140,16,8,1324.028,0,VIP Customers
SS-20410,111,6,3056.8070000000002,1,Loyal Customers
SS-20515,492,3,613.4,3,At-Risk Customers
SS-20590,433,6,418.49,3,At-Risk Customers
SS-20875,121,5,964.636,1,Loyal Customers
ST-20530,126,7,433.34000000000003,1,Loyal Customers
SU-20665,21,7,2595.364,0,VIP Customers
SV-20365,102,10,11470.949999999999,2,Occasional Customers
SV-20785,321,9,4105.305,0,VIP Customers
SV-20815,77,4,1271.0900000000001,1,Loyal Customers
SV-20935,3,8,1903.491,0,VIP Customers
SW-20245,82,7,1085.078,1,Loyal Customers
SW-20275,31,6,1966.65,1,Loyal Customers
SW-20350,163,3,1019.044,1,Loyal Customers
SW-20455,163,7,2921.544,0,VIP Customers
SW-20755,535,2,758.6959999999999,3,At-Risk Customers
SZ-20035,36,11,3625.329,0,VIP Customers
TA-21385,70,4,14595.62,2,Occasional Customers
TB-21055,120,5,1467.881,1,Loyal Customers
TB-21175,59,4,3589.296,1,Loyal Customers
TB-21190,50,4,816.1740000000001,1,Loyal Customers
TB-21250,350,7,1602.376,1,Loyal Customers
TB-21280,584,6,2198.45,3,At-Risk Customers
TB-21355,147,5,834.328,1,Loyal Customers
TB-21400,203,7,9133.99,2,Occasional Customers
TB-21520,108,9,4737.486,0,VIP Customers
TB-21595,286,5,1387.559,1,Loyal Customers
TB-21625,31,9,2797.668,0,VIP Customers
TC-20980,400,5,19052.218,2,Occasional Customers
TC-21145,107,1,1038.26,1,Loyal Customers
TC-21295,28,8,4266.812,0,VIP Customers
TC-21475,154,9,1244.976,0,VIP Customers
TC-21535,5,7,742.5580000000001,1,Loyal Customers
TD-20995,38,9,1434.5480000000002,0,VIP Customers
TG-21310,338,5,3058.372,1,Loyal Customers
TG-21640,115,4,2074.661,1,Loyal Customers
TH-21100,345,5,2422.824,3,At-Risk Customers
TH-21115,59,4,2942.772,1,Loyal Customers
TH-21235,118,8,1022.201,0,VIP Customers
TH-21550,73,7,4234.0960000000005,0,VIP Customers
TM-21010,104,8,2955.2259999999997,0,VIP Customers
TM-21490,131,3,1094.6779999999999,1,Loyal Customers
TN-21040,91,7,3130.221,0,VIP Customers
TP-21130,9,9,4454.0560000000005,0,VIP Customers
TP-21415,105,5,5329.0048,1,Loyal Customers
TP-21565,351,4,1936.6399999999999,3,At-Risk Customers
TR-21325,194,5,675.9419999999999,1,Loyal Customers
TS-21085,358,2,4.833,3,At-Risk Customers
TS-21160,505,6,2163.6240000000003,3,At-Risk Customers
TS-21205,199,7,5371.09,0,VIP Customers
TS-21340,227,5,974.7819999999999,1,Loyal Customers
TS-21370,37,6,11891.751,2,Occasional Customers
TS-21430,173,5,2054.14,1,Loyal Customers
TS-21505,12,6,2243.274,1,Loyal Customers
TS-21610,56,7,2820.424,0,VIP Customers
TS-21655,239,5,3368.094,1,Loyal Customers
TT-21070,32,7,4915.602,0,VIP Customers
TT-21220,184,8,1427.0439999999999,0,VIP Customers
TT-21265,407,3,439.5,3,At-Risk Customers
TT-21460,13,7,5364.808,0,VIP Customers
TW-21025,65,7,5278.826,0,VIP Customers
TZ-21580,36,4,1707.286,1,Loyal Customers
VB-21745,55,6,2005.596,1,Loyal Customers
VD-21670,582,6,6442.254,3,At-Risk Customers
VF-21715,14,5,847.944,1,Loyal Customers
VG-21790,155,6,846.01,1,Loyal Customers
VG-21805,287,5,427.372,1,Loyal Customers
VM-21685,55,7,2454.866,0,VIP Customers
VM-21835,118,5,380.69,1,Loyal Customers
VP-21730,31,3,993.9019999999999,1,Loyal Customers
VP-21760,76,7,3360.526,0,VIP Customers
VS-21820,222,4,1055.981,1,Loyal Customers
VT-21700,1001,2,1736.596,3,At-Risk Customers
VW-21775,29,10,6134.0380000000005,0,VIP Customers
WB-21850,21,11,6160.102,0,VIP Customers
XP-21865,44,11,2374.658,0,VIP Customers
YC-21895,5,5,5454.35,1,Loyal Customers
YS-21880,10,8,6720.4439999999995,2,Occasional Customers
ZC-21910,55,13,8025.707,2,Occasional Customers
ZD-21925,203,5,1493.944,1,Loyal Customers
